Metric,Score
Accuracy,0.4636363636363636
Precision,0.463302752293578
Recall,0.9901960784313726
F1 Score,0.63125
