Metric,Score
Accuracy,0.6
Precision,0.6666666666666666
Recall,0.8571428571428571
F1 Score,0.75
