Dataset,Accuracy,Precision,Recall,F1-Score
Train,1.0,1.0,1.0,1.0
Validation,0.42857142857142855,0.4,0.6666666666666666,0.5
Test,0.625,0.4,1.0,0.5714285714285714
