Dataset,Accuracy,Precision,Recall,F1-Score
Train,1.0,1.0,1.0,1.0
Validation,0.2857142857142857,0.3333333333333333,0.6666666666666666,0.4444444444444444
Test,0.5,0.3333333333333333,1.0,0.5
