Dataset,Accuracy,Precision,Recall,F1-Score
Train,1.0,1.0,1.0,1.0
Validation,0.5714285714285714,0.0,0.0,0.0
Test,0.5714285714285714,1.0,0.25,0.4
Train,1.0,1.0,1.0,1.0
Validation,0.14285714285714285,0.0,0.0,0.0
Test,0.42857142857142855,0.5,0.5,0.5
Train,1.0,1.0,1.0,1.0
Validation,0.2857142857142857,0.0,0.0,0.0
Test,0.5714285714285714,0.6,0.75,0.6666666666666666
